date,value
1980-01,-3.07
1980-02,1.58
1980-03,-8.03
1980-04,6.78
1980-05,3.37
1980-06,-0.81
1980-07,-0.90
1980-08,1.87
1980-09,-0.70
1980-10,-0.52
1980-11,3.74
1980-12,2.82
1981-01,0.21
1981-02,0.12
1981-03,1.22
1981-04,-2.26
1981-05,-1.32
1981-06,2.97
1981-07,-0.09
1981-08,-5.68
1981-09,-1.65
1981-10,3.45
1981-11,-0.55
1981-12,-0.17
1982-01,3.39
1982-02,8.71
1982-03,-2.71
1982-04,6.57
1982-05,-5.04
1982-06,1.29
1982-07,-4.76
1982-08,6.58
1982-09,4.25
1982-10,5.62
1982-11,-3.48
1982-12,3.58
1983-01,-1.84
1983-02,-1.56
1983-03,2.78
1983-04,4.45
1983-05,1.42
1983-06,-2.33
1983-07,-3.22
1983-08,7.00
1983-09,3.17
1983-10,3.74
1983-11,10.33
1983-12,-3.17
1984-01,12.02
1984-02,14.68
1984-03,7.78
1984-04,4.22
1984-05,-2.49
1984-06,4.98
1984-07,-1.49
1984-08,0.40
1984-09,-0.81
1984-10,1.78
1984-11,6.30
1984-12,-2.00
1985-01,-3.93
1985-02,-4.01
1985-03,-3.86
1985-04,-5.94
1985-05,-3.61
1985-06,6.32
1985-07,-2.17
1985-08,1.66
1985-09,-4.98
1985-10,1.26
1985-11,-7.33
1985-12,-2.64
1986-01,10.65
1986-02,-2.12
1986-03,5.54
1986-04,2.55
1986-05,-0.19
1986-06,-2.43
1986-07,6.29
1986-08,-0.30
1986-09,7.37
1986-10,-2.74
1986-11,0.76
1986-12,2.59
1987-01,2.18
1987-02,-5.05
1987-03,-2.49
1987-04,-0.38
1987-05,-3.34
1987-06,3.55
1987-07,3.15
1987-08,-8.31
1987-09,-7.62
1987-10,-5.27
1987-11,1.03
1987-12,9.65
1988-01,-1.22
1988-02,1.63
1988-03,-4.28
1988-04,-4.21
1988-05,-8.31
1988-06,0.37
1988-07,4.76
1988-08,-1.11
1988-09,6.78
1988-10,1.39
1988-11,0.34
1988-12,2.83
1989-01,2.69
1989-02,5.67
1989-03,-3.11
1989-04,-9.80
1989-05,1.02
1989-06,-2.25
1989-07,0.38
1989-08,7.99
1989-09,-4.46
1989-10,3.94
1989-11,4.76
1989-12,2.57
1990-01,5.53
1990-02,-1.56
1990-03,-2.57
1990-04,5.18
1990-05,3.74
1990-06,6.76
1990-07,1.46
1990-08,7.81
1990-09,-0.77
1990-10,-4.27
1990-11,-8.67
1990-12,-4.46
1991-01,4.18
1991-02,-6.09
1991-03,-1.54
1991-04,9.98
1991-05,4.31
1991-06,8.56
1991-07,-3.96
1991-08,-10.57
1991-09,7.32
1991-10,-5.88
1991-11,0.91
1991-12,1.48
1992-01,-3.77
1992-02,7.49
1992-03,7.47
1992-04,2.98
1992-05,0.37
1992-06,1.36
1992-07,-4.43
1992-08,-0.58
1992-09,0.03
1992-10,-3.34
1992-11,4.32
1992-12,-5.92
1993-01,-1.54
1993-02,-9.64
1993-03,2.74
1993-04,3.84
1993-05,3.30
1993-06,13.63
1993-07,4.73
1993-08,-3.74
1993-09,12.49
1993-10,-3.64
1993-11,4.05
1993-12,3.84
1994-01,-3.46
1994-02,6.78
1994-03,2.10
1994-04,3.07
1994-05,-2.54
1994-06,6.36
1994-07,-3.37
1994-08,-7.51
1994-09,6.91
1994-10,-1.42
1994-11,0.70
1994-12,9.15
1995-01,5.61
1995-02,3.35
1995-03,5.31
1995-04,-2.77
1995-05,3.89
1995-06,5.49
1995-07,3.90
1995-08,-0.42
1995-09,-16.36
1995-10,3.01
1995-11,1.02
1995-12,-1.16
1996-01,4.00
1996-02,1.70
1996-03,1.42
1996-04,-6.18
1996-05,-6.07
1996-06,2.17
1996-07,0.84
1996-08,1.12
1996-09,1.25
1996-10,2.35
1996-11,0.66
1996-12,1.21
1997-01,1.65
1997-02,4.68
1997-03,-1.82
1997-04,4.04
1997-05,3.36
1997-06,0.97
1997-07,-1.64
1997-08,2.16
1997-09,4.39
1997-10,-4.34
1997-11,0.78
1997-12,0.79
1998-01,-2.48
1998-02,-2.29
1998-03,-6.48
1998-04,-4.46
1998-05,-6.42
1998-06,-2.27
1998-07,-2.02
1998-08,-1.94
1998-09,2.17
1998-10,-0.34
1998-11,-2.78
1998-12,-2.75
1999-01,-4.59
1999-02,-0.38
1999-03,-0.46
1999-04,7.80
1999-05,7.40
1999-06,7.15
1999-07,9.86
1999-08,-4.98
1999-09,3.53
1999-10,3.92
1999-11,2.64
1999-12,10.07
2000-01,11.92
2000-02,4.91
2000-03,3.44
2000-04,-4.55
2000-05,-4.54
2000-06,3.65
2000-07,0.16
2000-08,-5.49
2000-09,-0.06
2000-10,2.12
2000-11,4.71
2000-12,0.02
2001-01,-0.71
2001-02,0.53
2001-03,1.28
2001-04,-4.73
2001-05,4.25
2001-06,10.36
2001-07,4.16
2001-08,-6.02
2001-09,0.93
2001-10,-7.45
2001-11,-7.73
2001-12,3.47
2002-01,0.85
2002-02,-2.59
2002-03,-8.89
2002-04,-5.21
2002-05,1.23
2002-06,0.64
2002-07,3.60
2002-08,7.36
2002-09,-1.03
2002-10,2.61
2002-11,-0.12
2002-12,-1.73
2003-01,-0.60
2003-02,4.82
2003-03,-4.13
2003-04,5.63
2003-05,7.15
2003-06,0.66
2003-07,1.65
2003-08,-5.85
2003-09,11.12
2003-10,4.90
2003-11,1.28
2003-12,0.76
2004-01,2.53
2004-02,-2.43
2004-03,1.77
2004-04,-3.66
2004-05,2.74
2004-06,-2.55
2004-07,4.53
2004-08,-0.04
2004-09,1.71
2004-10,13.82
2004-11,4.12
2004-12,1.71
2005-01,0.70
2005-02,-4.18
2005-03,5.38
2005-04,7.71
2005-05,0.79
2005-06,8.05
2005-07,-0.01
2005-08,-7.48
2005-09,-2.44
2005-10,-4.26
2005-11,-0.74
2005-12,3.32
2006-01,-3.68
2006-02,0.14
2006-03,1.40
2006-04,-2.80
2006-05,-3.59
2006-06,0.89
2006-07,4.43
2006-08,-2.21
2006-09,-2.88
2006-10,-0.14
2006-11,1.80
2006-12,-1.94
2007-01,-1.00
2007-02,-0.54
2007-03,-4.39
2007-04,-0.30
2007-05,-2.02
2007-06,7.63
2007-07,-1.83
2007-08,2.56
2007-09,2.21
2007-10,-4.53
2007-11,-5.12
2007-12,-1.50
2008-01,3.48
2008-02,-2.08
2008-03,-2.45
2008-04,-12.55
2008-05,-1.29
2008-06,1.91
2008-07,2.50
2008-08,2.43
2008-09,-0.98
2008-10,-0.52
2008-11,4.25
2008-12,-0.11
2009-01,-9.86
2009-02,5.09
2009-03,-4.35
2009-04,6.69
2009-05,8.12
2009-06,3.93
2009-07,4.57
2009-08,8.86
2009-09,-4.46
2009-10,1.64
2009-11,1.58
2009-12,-3.85
2010-01,9.55
2010-02,-2.11
2010-03,-2.79
2010-04,1.70
2010-05,5.14
2010-06,-2.20
2010-07,-2.20
2010-08,2.77
2010-09,-5.92
2010-10,-2.98
2010-11,-3.27
2010-12,-1.45
2011-01,-0.14
2011-02,8.80
2011-03,4.58
2011-04,0.60
2011-05,-0.51
2011-06,4.43
2011-07,2.43
2011-08,4.51
2011-09,6.71
2011-10,-4.04
2011-11,-9.64
2011-12,0.40
2012-01,0.86
2012-02,1.79
2012-03,-2.19
2012-04,-0.55
2012-05,3.01
2012-06,3.26
2012-07,6.49
2012-08,-9.25
2012-09,-6.92
2012-10,7.08
2012-11,3.24
2012-12,4.07
2013-01,-0.78
2013-02,-1.63
2013-03,1.40
2013-04,-3.73
2013-05,-6.39
2013-06,-4.50
2013-07,1.02
2013-08,3.37
2013-09,7.93
2013-10,2.17
2013-11,2.63
2013-12,8.10
2014-01,-2.99
2014-02,-3.82
2014-03,-1.92
2014-04,0.07
2014-05,9.60
2014-06,-1.07
2014-07,6.38
2014-08,-1.63
2014-09,2.71
2014-10,3.57
2014-11,2.90
2014-12,3.88
2015-01,-2.60
2015-02,7.05
2015-03,4.91
2015-04,-2.66
2015-05,2.78
2015-06,-4.33
2015-07,0.93
2015-08,-4.77
2015-09,3.73
2015-10,13.84
2015-11,7.12
2015-12,3.79
2016-01,-3.56
2016-02,2.21
2016-03,5.83
2016-04,0.10
2016-05,1.08
2016-06,-7.12
2016-07,-3.35
2016-08,-7.82
2016-09,9.12
2016-10,2.63
2016-11,3.76
2016-12,-0.41
2017-01,-6.07
2017-02,1.29
2017-03,-2.36
2017-04,-3.86
2017-05,0.75
2017-06,0.99
2017-07,-0.31
2017-08,-2.98
2017-09,-3.94
2017-10,0.53
2017-11,6.00
2017-12,-6.72
2018-01,-2.46
2018-02,-0.23
2018-03,-0.21
2018-04,-2.17
2018-05,9.18
2018-06,2.30
2018-07,-3.93
2018-08,-7.97
2018-09,-0.27
2018-10,7.16
2018-11,1.37
2018-12,-9.92
2019-01,-5.70
2019-02,1.05
2019-03,5.30
2019-04,1.13
2019-05,1.17
2019-06,5.33
2019-07,6.15
2019-08,-2.54
2019-09,2.47
2019-10,-3.81
2019-11,-4.34
2019-12,3.15
