month,K,K5,S,W
1926-07,2.89,,,
1926-08,2.64,,,
1926-09,0.38,,,
1926-10,-3.27,,,
1926-11,2.54,,,
1926-12,2.62,,,
1927-01,-0.05,,,
1927-02,4.17,,,
1927-03,0.14,,,
1927-04,0.47,,,
1927-05,5.45,,,
1927-06,-2.38,,,
1927-07,7.26,,,
1927-08,1.99,,,
1927-09,4.77,,,
1927-10,-4.29,,,
1927-11,6.52,,,
1927-12,2.09,,,
1928-01,-0.57,,,
1928-02,-1.69,,,
1928-03,8.79,,,
1928-04,4.25,,,
1928-05,1.52,,,
1928-06,-4.9,,,
1928-07,0.63,,,
1928-08,6.69,,,
1928-09,2.87,,,
1928-10,1.31,,,
1928-11,11.82,,,
1928-12,0.4,,,
1929-01,4.66,,,
1929-02,-0.34,,,
1929-03,-0.85,,,
1929-04,1.47,,,
1929-05,-6.38,,,
1929-06,9.7,,,
1929-07,4.48,,,
1929-08,8.14,,,
1929-09,-5.45,,,
1929-10,-20.07,,,
1929-11,-12.87,,,
1929-12,1.28,,,
1930-01,5.61,,,
1930-02,2.5,,,
1930-03,7.09,,,
1930-04,-2.05,,,
1930-05,-1.66,,,
1930-06,-16.08,,,
1930-07,4.12,,,
1930-08,0.3,,,
1930-09,-12.81,,,
1930-10,-8.78,,,
1930-11,-3.04,,,
1930-12,-7.86,,,
1931-01,6.25,,,
1931-02,10.88,,,
1931-03,-6.35,,,
1931-04,-10.0,,,
1931-05,-13.29,,,
1931-06,13.93,,,
1931-07,-6.63,,,
1931-08,0.4,,,
1931-09,-28.74,,,
1931-10,7.99,,,
1931-11,-9.14,,,
1931-12,-13.52,,,
1932-01,-1.57,,,
1932-02,5.45,,,
1932-03,-11.3,,,
1932-04,-17.94,,,
1932-05,-20.51,,,
1932-06,-0.77,,,
1932-07,33.61,,,
1932-08,37.12,,,
1932-09,-2.94,,,
1932-10,-13.15,,,
1932-11,-5.88,,,
1932-12,4.42,,,
1933-01,1.24,,,
1933-02,-15.29,,,
1933-03,3.06,,,
1933-04,38.81,,,
1933-05,21.43,,,
1933-06,13.1,,,
1933-07,-9.64,,,
1933-08,12.04,,,
1933-09,-10.65,,,
1933-10,-8.36,,,
1933-11,9.97,,,
1933-12,1.82,,,
1934-01,12.6,,,
1934-02,-2.51,,,
1934-03,0.09,,,
1934-04,-1.79,,,
1934-05,-7.26,,,
1934-06,2.71,,,
1934-07,-10.94,,,
1934-08,5.58,,,
1934-09,-0.24,,,
1934-10,-1.66,,,
1934-11,8.33,,,
1934-12,0.36,,,
1935-01,-3.46,,,
1935-02,-1.96,,,
1935-03,-3.71,,,
1935-04,9.06,,,
1935-05,3.46,,,
1935-06,5.93,,,
1935-07,7.54,,,
1935-08,2.65,,,
1935-09,2.62,,,
1935-10,7.03,,,
1935-11,4.87,,,
1935-12,4.55,,,
1936-01,6.89,,,
1936-02,2.49,,,
1936-03,0.96,,,
1936-04,-8.14,,,
1936-05,5.19,,,
1936-06,2.4,,,
1936-07,6.68,,,
1936-08,0.99,,,
1936-09,0.97,,,
1936-10,7.1,,,
1936-11,3.26,,,
1936-12,0.2,,,
1937-01,3.35,,,
1937-02,1.08,,,
1937-03,-0.26,,,
1937-04,-7.36,,,
1937-05,-0.83,,,
1937-06,-4.23,,,
1937-07,8.91,,,
1937-08,-4.88,,,
1937-09,-13.62,,,
1937-10,-9.59,,,
1937-11,-8.33,,,
1937-12,-4.29,,,
1938-01,0.48,,,
1938-02,5.85,,,
1938-03,-23.91,,,
1938-04,14.48,,,
1938-05,-3.86,,,
1938-06,23.89,,,
1938-07,7.33,,,
1938-08,-2.68,,,
1938-09,0.83,,,
1938-10,7.8,,,
1938-11,-1.74,,,
1938-12,4.16,,,
1939-01,-5.97,,,
1939-02,3.51,,,
1939-03,-12.03,,,
1939-04,-0.18,,,
1939-05,6.81,,,
1939-06,-5.33,,,
1939-07,10.22,,,
1939-08,-6.68,,,
1939-09,16.89,,,
1939-10,-0.53,,,
1939-11,-3.65,,,
1939-12,2.93,,,
1940-01,-2.41,,,
1940-02,1.44,,,
1940-03,2.05,,,
1940-04,0.22,,,
1940-05,-22.0,,,
1940-06,6.69,,,
1940-07,3.17,,,
1940-08,2.21,,,
1940-09,2.39,,,
1940-10,3.03,,,
1940-11,-1.65,,,
1940-12,0.69,,,
1941-01,-4.18,,,
1941-02,-1.43,,,
1941-03,0.84,,,
1941-04,-5.46,,,
1941-05,1.37,,,
1941-06,5.83,,,
1941-07,5.87,,,
1941-08,-0.17,,,
1941-09,-0.88,,,
1941-10,-5.26,,,
1941-11,-1.95,,,
1941-12,-4.88,,,
1942-01,0.79,,,
1942-02,-2.46,,,
1942-03,-6.6,,,
1942-04,-4.37,,,
1942-05,5.96,,,
1942-06,2.68,,,
1942-07,3.51,,,
1942-08,1.8,,,
1942-09,2.62,,,
1942-10,6.82,,,
1942-11,0.13,,,
1942-12,5.14,,,
1943-01,7.13,,,
1943-02,6.16,,,
1943-03,6.03,,,
1943-04,0.81,,,
1943-05,5.75,,,
1943-06,1.82,,,
1943-07,-4.78,,,
1943-08,1.3,,,
1943-09,2.4,,,
1943-10,-1.15,,,
1943-11,-5.93,,,
1943-12,6.37,,,
1944-01,1.74,,,
1944-02,0.37,,,
1944-03,2.46,,,
1944-04,-1.69,,,
1944-05,5.08,,,
1944-06,5.51,,,
1944-07,-1.49,,,
1944-08,1.56,,,
1944-09,0.02,,,
1944-10,0.16,,,
1944-11,1.71,,,
1944-12,4.04,,,
1945-01,2.01,,,
1945-02,6.23,,,
1945-03,-3.91,,,
1945-04,7.8,,,
1945-05,1.74,,,
1945-06,0.39,,,
1945-07,-2.17,,,
1945-08,6.22,,,
1945-09,4.77,,,
1945-10,3.89,,,
1945-11,5.4,,,
1945-12,1.19,,,
1946-01,6.24,,,
1946-02,-5.84,,,
1946-03,5.88,,,
1946-04,4.23,,,
1946-05,3.94,,,
1946-06,-3.89,,,
1946-07,-2.69,,,
1946-08,-6.46,,,
1946-09,-10.18,,,
1946-10,-1.44,,,
1946-11,-0.02,,,
1946-12,4.97,,,
1947-01,1.25,,,
1947-02,-1.09,,,
1947-03,-1.68,,,
1947-04,-4.8,,,
1947-05,-0.96,,,
1947-06,5.3,,,
1947-07,4.13,,,
1947-08,-1.74,,,
1947-09,-0.54,,,
1947-10,2.47,,,
1947-11,-1.99,,,
1947-12,3.01,,,
1948-01,-3.93,,,
1948-02,-4.38,,,
1948-03,8.11,,,
1948-04,3.65,,,
1948-05,7.32,,,
1948-06,-0.11,,,
1948-07,-5.08,,,
1948-08,0.24,,,
1948-09,-2.99,,,
1948-10,5.96,,,
1948-11,-9.34,,,
1948-12,3.26,,,
1949-01,0.23,,,
1949-02,-2.93,,,
1949-03,4.05,,,
1949-04,-1.87,,,
1949-05,-2.98,,,
1949-06,0.1,,,
1949-07,5.54,,,
1949-08,2.59,,,
1949-09,3.09,,,
1949-10,3.14,,,
1949-11,1.81,,,
1949-12,5.14,,,
1950-01,1.7,,,
1950-02,1.48,,,
1950-03,1.26,,,
1950-04,3.94,,,
1950-05,4.32,,,
1950-06,-5.96,,,
1950-07,1.37,,,
1950-08,4.86,,,
1950-09,4.82,,,
1950-10,-0.19,,,
1950-11,2.74,,,
1950-12,5.57,,,
1951-01,5.7,,,
1951-02,1.4,,,
1951-03,-2.16,,,
1951-04,4.86,,,
1951-05,-2.36,,,
1951-06,-2.63,,,
1951-07,6.95,,,
1951-08,4.29,,,
1951-09,0.7,,,
1951-10,-2.53,,,
1951-11,0.58,,,
1951-12,3.33,,,
1952-01,1.45,,,
1952-02,-2.64,,,
1952-03,4.44,,,
1952-04,-4.97,,,
1952-05,3.2,,,
1952-06,3.84,,,
1952-07,0.91,,,
1952-08,-0.77,,,
1952-09,-2.04,,,
1952-10,-0.66,,,
1952-11,5.96,,,
1952-12,2.93,,,
1953-01,-0.34,,,
1953-02,-0.27,,,
1953-03,-1.44,,,
1953-04,-2.83,,,
1953-05,0.51,,,
1953-06,-1.89,,,
1953-07,2.4,,,
1953-08,-4.56,,,
1953-09,0.21,,,
1953-10,4.6,,,
1953-11,2.84,,,
1953-12,0.02,,,
1954-01,5.13,,,
1954-02,1.67,,,
1954-03,3.66,,,
1954-04,4.27,,,
1954-05,3.1,,,
1954-06,1.08,,,
1954-07,5.0,,,
1954-08,-2.35,,,
1954-09,6.4,,,
1954-10,-1.67,,,
1954-11,9.41,,,
1954-12,5.49,,,
1955-01,0.6,,,
1955-02,3.02,,,
1955-03,-0.15,,,
1955-04,3.11,,,
1955-05,0.94,,,
1955-06,6.55,,,
1955-07,1.89,,,
1955-08,0.22,,,
1955-09,-0.37,,,
1955-10,-2.67,,,
1955-11,7.04,,,
1955-12,1.49,,,
1956-01,-3.03,,,
1956-02,3.78,,,
1956-03,6.64,,,
1956-04,0.28,,,
1956-05,-5.22,,,
1956-06,3.47,,,
1956-07,4.84,,,
1956-08,-3.19,,,
1956-09,-5.14,,,
1956-10,0.52,,,
1956-11,0.35,,,
1956-12,3.16,,,
1957-01,-3.57,,,
1957-02,-2.07,,,
1957-03,2.13,,,
1957-04,4.26,,,
1957-05,3.46,,,
1957-06,-0.75,,,
1957-07,0.66,,,
1957-08,-5.12,,,
1957-09,-5.99,,,
1957-10,-4.32,,,
1957-11,2.31,,,
1957-12,-3.9,,,
1958-01,4.65,,,
1958-02,-1.53,,,
1958-03,3.27,,,
1958-04,3.09,,,
1958-05,2.32,,,
1958-06,2.93,,,
1958-07,4.39,,,
1958-08,1.9,,,
1958-09,4.66,,,
1958-10,2.53,,,
1958-11,3.01,,,
1958-12,5.16,,,
1959-01,0.71,,,
1959-02,0.95,,,
1959-03,0.28,,,
1959-04,3.66,,,
1959-05,1.73,,,
1959-06,-0.24,,,
1959-07,3.18,,,
1959-08,-1.38,,,
1959-09,-4.81,,,
1959-10,1.28,,,
1959-11,1.6,,,
1959-12,2.46,,,
1960-01,-6.98,,,
1960-02,1.16,,,
1960-03,-1.63,,,
1960-04,-1.71,,,
1960-05,3.12,,,
1960-06,2.08,,,
1960-07,-2.37,,,
1960-08,3.0,,,
1960-09,-6.0,,,
1960-10,-0.71,,,
1960-11,4.69,,,
1960-12,4.73,,,
1961-01,6.2,,,
1961-02,3.57,,,
1961-03,2.89,,,
1961-04,0.29,,,
1961-05,2.4,,,
1961-06,-3.08,,,
1961-07,2.83,,,
1961-08,2.57,,,
1961-09,-2.15,,,
1961-10,2.58,,,
1961-11,4.45,,,
1961-12,-0.17,,,
1962-01,-3.87,,,
1962-02,1.81,,,
1962-03,-0.68,,,
1962-04,-6.59,,,
1962-05,-8.66,,,
1962-06,-8.5,,,
1962-07,6.27,,,
1962-08,2.13,,,
1962-09,-5.22,,,
1962-10,-0.05,,,
1962-11,10.89,,,
1962-12,1.01,,,
1963-01,4.94,,,
1963-02,-2.4,,,
1963-03,3.08,,,
1963-04,4.51,,,
1963-05,1.76,,,
1963-06,-2.0,,,
1963-07,-0.39,-0.39,,
1963-08,5.08,5.08,,
1963-09,-1.57,-1.57,,
1963-10,2.54,2.54,,
1963-11,-0.86,-0.86,,
1963-12,1.83,1.83,,
1964-01,2.24,2.27,,
1964-02,1.55,1.55,,
1964-03,1.41,1.41,,
1964-04,0.1,0.11,,
1964-05,1.41,1.41,,
1964-06,1.27,1.27,,
1964-07,1.74,1.74,,
1964-08,-1.44,-1.44,,
1964-09,2.69,2.69,,
1964-10,0.6,0.6,,
1964-11,-0.01,-0.01,,
1964-12,0.04,0.04,,
1965-01,3.54,3.54,,
1965-02,0.44,0.44,,
1965-03,-1.34,-1.34,,
1965-04,3.11,3.11,,
1965-05,-0.78,-0.78,,
1965-06,-5.51,-5.51,,
1965-07,1.44,1.44,,
1965-08,2.73,2.73,,
1965-09,2.86,2.86,,
1965-10,2.6,2.6,,
1965-11,-0.03,-0.02,,
1965-12,1.01,1.01,,
1966-01,0.72,0.72,,
1966-02,-1.21,-1.21,,
1966-03,-2.51,-2.51,,
1966-04,2.13,2.13,,
1966-05,-5.67,-5.67,,
1966-06,-1.44,-1.44,,
1966-07,-1.63,-1.63,,
1966-08,-7.94,-7.94,,
1966-09,-1.06,-1.06,,
1966-10,3.86,3.86,,
1966-11,1.38,1.38,,
1966-12,0.13,0.13,,
1967-01,8.15,8.15,,
1967-02,0.77,0.77,,
1967-03,3.99,4.0,,
1967-04,3.89,3.89,,
1967-05,-4.32,-4.32,,
1967-06,2.42,2.42,,
1967-07,4.58,4.58,,
1967-08,-0.9,-0.9,,
1967-09,3.1,3.11,,
1967-10,-3.08,-3.08,,
1967-11,0.37,0.37,,
1967-12,3.05,3.05,,
1968-01,-4.03,-4.03,,
1968-02,-3.74,-3.74,,
1968-03,0.21,0.21,,
1968-04,9.02,9.01,,
1968-05,2.28,2.28,,
1968-06,0.7,0.7,,
1968-07,-2.69,-2.69,,
1968-08,1.35,1.35,,
1968-09,4.05,4.05,,
1968-10,0.43,0.44,,
1968-11,5.43,5.42,,
1968-12,-3.93,-3.93,,
1969-01,-1.25,-1.25,,
1969-02,-5.86,-5.86,,
1969-03,2.66,2.67,,
1969-04,1.46,1.47,,
1969-05,-0.09,-0.1,,
1969-06,-7.19,-7.18,,
1969-07,-7.0,-7.0,,
1969-08,4.69,4.69,,
1969-09,-2.97,-2.97,,
1969-10,5.06,5.05,,
1969-11,-3.8,-3.8,,
1969-12,-2.63,-2.63,,
1970-01,-8.1,-8.11,,
1970-02,5.14,5.14,,
1970-03,-1.06,-1.06,,
1970-04,-10.99,-10.99,,
1970-05,-6.9,-6.91,,
1970-06,-5.8,-5.8,,
1970-07,6.92,6.92,,
1970-08,4.5,4.5,,
1970-09,4.18,4.18,,
1970-10,-2.27,-2.28,,
1970-11,4.62,4.62,,
1970-12,5.74,5.74,,
1971-01,4.83,4.83,,
1971-02,1.41,1.41,,
1971-03,4.12,4.12,,
1971-04,3.15,3.15,,
1971-05,-3.99,-4.0,,
1971-06,-0.09,-0.09,,
1971-07,-4.49,-4.49,,
1971-08,3.79,3.79,,
1971-09,-0.86,-0.86,,
1971-10,-4.42,-4.42,,
1971-11,-0.46,-0.46,,
1971-12,8.71,8.71,,
1972-01,2.47,2.47,,
1972-02,2.87,2.87,,
1972-03,0.62,0.62,,
1972-04,0.29,0.29,,
1972-05,1.29,1.29,,
1972-06,-2.43,-2.46,,
1972-07,-0.8,-0.8,,
1972-08,3.27,3.27,,
1972-09,-1.14,-1.14,,
1972-10,0.52,0.52,,
1972-11,4.6,4.59,,
1972-12,0.62,0.62,,
1973-01,-3.27,-3.28,,
1973-02,-4.85,-4.85,,
1973-03,-1.3,-1.3,,
1973-04,-5.68,-5.68,,
1973-05,-2.97,-2.97,,
1973-06,-1.57,-1.57,,
1973-07,5.04,5.04,,
1973-08,-3.82,-3.82,,
1973-09,4.74,4.74,,
1973-10,-0.83,-0.83,,
1973-11,-12.78,-12.79,,
1973-12,0.59,0.59,,
1974-01,-0.16,-0.16,,
1974-02,-0.46,-0.46,,
1974-03,-2.82,-2.82,,
1974-04,-5.28,-5.28,,
1974-05,-4.7,-4.7,,
1974-06,-2.84,-2.84,,
1974-07,-8.06,-8.06,,
1974-08,-9.39,-9.39,,
1974-09,-11.79,-11.78,,
1974-10,16.11,16.1,,
1974-11,-4.53,-4.53,,
1974-12,-3.44,-3.45,,
1975-01,13.67,13.67,,
1975-02,5.56,5.56,,
1975-03,2.66,2.66,,
1975-04,4.22,4.22,,
1975-05,5.2,5.2,,
1975-06,4.87,4.87,,
1975-07,-6.6,-6.6,,
1975-08,-2.84,-2.84,,
1975-09,-4.26,-4.26,,
1975-10,5.32,5.32,,
1975-11,2.65,2.65,,
1975-12,-1.6,-1.6,,
1976-01,12.15,12.16,,
1976-02,0.31,0.32,,
1976-03,2.32,2.32,,
1976-04,-1.49,-1.48,,
1976-05,-1.34,-1.35,,
1976-06,4.06,4.05,,
1976-07,-1.06,-1.06,,
1976-08,-0.57,-0.57,,
1976-09,2.06,2.04,,
1976-10,-2.42,-2.42,,
1976-11,0.36,0.37,,
1976-12,5.65,5.65,,
1977-01,-4.03,-4.04,,
1977-02,-1.94,-1.94,,
1977-03,-1.35,-1.35,,
1977-04,0.15,0.15,,
1977-05,-1.47,-1.47,,
1977-06,4.72,4.72,,
1977-07,-1.69,-1.69,,
1977-08,-1.76,-1.76,,
1977-09,-0.27,-0.27,,
1977-10,-4.39,-4.39,,
1977-11,4.0,4.02,,
1977-12,0.27,0.27,,
1978-01,-6.0,-5.99,,
1978-02,-1.39,-1.39,,
1978-03,2.85,2.85,,
1978-04,7.87,7.87,,
1978-05,1.76,1.76,,
1978-06,-1.69,-1.69,,
1978-07,5.12,5.12,,
1978-08,3.78,3.79,,
1978-09,-1.44,-1.45,,
1978-10,-11.9,-11.91,,
1978-11,2.71,2.72,,
1978-12,0.87,0.88,,
1979-01,4.22,4.22,,
1979-02,-3.56,-3.56,,
1979-03,5.67,5.67,,
1979-04,-0.07,-0.07,,
1979-05,-2.2,-2.21,,
1979-06,3.84,3.84,,
1979-07,0.83,0.83,,
1979-08,5.54,5.54,,
1979-09,-0.83,-0.83,,
1979-10,-8.1,-8.1,,
1979-11,5.22,5.23,,
1979-12,1.78,1.78,,
1980-01,5.5,5.5,,
1980-02,-1.23,-1.23,,
1980-03,-12.9,-12.89,,
1980-04,3.95,3.96,,
1980-05,5.26,5.26,,
1980-06,2.98,2.97,,
1980-07,6.51,6.51,,
1980-08,1.75,1.75,,
1980-09,2.19,2.19,,
1980-10,1.04,1.04,,
1980-11,9.6,9.6,,
1980-12,-4.46,-4.46,,
1981-01,-5.06,-5.06,,
1981-02,0.61,0.61,,
1981-03,3.67,3.66,,
1981-04,-2.16,-2.16,,
1981-05,0.13,0.13,,
1981-06,-2.34,-2.34,,
1981-07,-1.55,-1.55,,
1981-08,-7.02,-7.02,,
1981-09,-7.19,-7.2,,
1981-10,4.92,4.92,,
1981-11,3.4,3.4,,
1981-12,-3.63,-3.63,,
1982-01,-3.23,-3.23,,
1982-02,-5.86,-5.86,,
1982-03,-1.82,-1.82,,
1982-04,3.24,3.24,,
1982-05,-3.93,-3.93,,
1982-06,-3.08,-3.08,,
1982-07,-3.2,-3.2,,
1982-08,11.23,11.15,,
1982-09,1.31,1.32,,
1982-10,11.3,11.24,,
1982-11,4.68,4.68,,
1982-12,0.56,0.56,,
1983-01,3.59,3.59,,
1983-02,2.59,2.59,,
1983-03,2.81,2.81,,
1983-04,6.66,6.65,,
1983-05,0.51,0.51,,
1983-06,3.07,3.07,,
1983-07,-4.06,-4.06,,
1983-08,-0.5,-0.5,,
1983-09,0.92,0.91,,
1983-10,-3.43,-3.43,,
1983-11,2.17,2.16,,
1983-12,-1.77,-1.77,,
1984-01,-1.92,-1.92,,
1984-02,-4.77,-4.76,,
1984-03,0.65,0.65,,
1984-04,-0.51,-0.51,,
1984-05,-5.98,-5.98,,
1984-06,1.81,1.81,,
1984-07,-2.72,-2.72,,
1984-08,10.27,10.27,,
1984-09,-0.8,-0.8,,
1984-10,-0.84,-0.84,,
1984-11,-1.77,-1.77,,
1984-12,1.84,1.84,,
1985-01,7.97,7.97,,
1985-02,1.22,1.22,,
1985-03,-0.83,-0.84,,
1985-04,-0.96,-0.96,,
1985-05,5.07,5.07,,
1985-06,1.27,1.27,,
1985-07,-0.72,-0.72,,
1985-08,-1.01,-1.01,,
1985-09,-4.51,-4.5,,
1985-10,4.0,4.0,,
1985-11,6.46,6.46,,
1985-12,3.88,3.88,,
1986-01,0.65,0.65,,
1986-02,7.14,7.14,,
1986-03,4.91,4.91,,
1986-04,-1.28,-1.28,,
1986-05,4.62,4.63,,
1986-06,1.06,1.06,,
1986-07,-6.43,-6.43,,
1986-08,6.07,6.07,,
1986-09,-8.59,-8.59,,
1986-10,4.64,4.64,,
1986-11,1.17,1.16,,
1986-12,-3.26,-3.26,,
1987-01,12.45,12.44,,
1987-02,4.38,4.37,,
1987-03,1.63,1.63,,
1987-04,-2.09,-2.09,,
1987-05,0.11,0.11,,
1987-06,3.91,3.91,,
1987-07,3.84,3.84,,
1987-08,3.52,3.52,,
1987-09,-2.58,-2.58,,
1987-10,-23.19,-23.19,,
1987-11,-7.76,-7.76,,
1987-12,6.82,6.82,,
1988-01,4.21,4.21,,
1988-02,4.77,4.77,4.204624891709246,
1988-03,-2.26,-2.26,-3.5311447047055284,
1988-04,0.57,0.56,0.6466493264338506,
1988-05,-0.27,-0.27,0.3535050392027832,
1988-06,4.78,4.78,4.0984653366753845,
1988-07,-1.25,-1.25,-0.8869721685700112,
1988-08,-3.31,-3.31,-3.9847108874809893,
1988-09,3.31,3.31,3.6400748305066104,
1988-10,1.16,1.16,2.17364129347628,
1988-11,-2.27,-2.27,-1.9937464734598414,
1988-12,1.48,1.48,1.1144743870242753,
1989-01,6.07,6.06,6.76986557521378,
1989-02,-2.23,-2.23,-3.1002111517220436,-2.646153861668377
1989-03,1.57,1.57,1.6615971449045848,1.3318460941781503
1989-04,4.35,4.35,4.522191796850687,4.066071902752803
1989-05,3.28,3.28,3.255478488285381,2.7958358082206276
1989-06,-1.33,-1.33,-1.275608590216049,-1.5194610712895966
1989-07,7.18,7.18,8.329724055764144,6.963025997041206
1989-08,1.43,1.43,1.2130166012788008,1.1383735234566335
1989-09,-0.76,-0.76,-1.0545572044541145,-1.0621137692842613
1989-10,-3.65,-3.65,-3.001516411880098,-3.7824326072581544
1989-11,1.04,1.04,1.347956738341351,0.7342412255037751
1989-12,1.18,1.18,1.792092699766545,0.9412344520417942
1990-01,-7.8,-7.8,-7.2830547362651785,-8.072597833154434
1990-02,1.12,1.11,0.7183532596315251,0.6281127859745922
1990-03,1.83,1.83,2.0099302649930277,1.6172788600466075
1990-04,-3.36,-3.36,-3.1845632271144657,-3.779388109807123
1990-05,8.43,8.44,9.068614836057112,8.02495489255545
1990-06,-1.09,-1.09,-1.305462982982533,-1.3291446497529806
1990-07,-1.9,-1.9,-0.9995786555163727,-1.8483903432286093
1990-08,-10.12,-10.13,-9.698451724322549,-10.433191955556705
1990-09,-6.11,-6.11,-5.4667642873510776,-6.306706975133246
1990-10,-1.92,-1.91,-1.106806478818509,-2.2550170619641237
1990-11,6.35,6.35,5.895247933171092,5.817814703675198
1990-12,2.46,2.48,2.184687304263067,2.2636654924781623
1991-01,4.69,4.69,3.834924666915694,4.122801391872942
1991-02,7.19,7.21,6.672531247026905,6.8997893229751615
1991-03,2.66,2.67,1.9804564882854163,2.395697991291264
1991-04,-0.28,-0.29,-0.29248723300018553,-0.4114064885257036
1991-05,3.66,3.66,3.844857120998439,3.191735206299355
1991-06,-4.94,-4.94,-5.001588078679122,-5.09373096665783
1991-07,4.24,4.24,4.171124629436686,4.034644777718589
1991-08,2.32,2.32,1.9077934280968982,1.9456339791130421
1991-09,-1.59,-1.59,-2.1331099898111945,-1.8054418943723012
1991-10,1.29,1.29,0.9245443751709752,1.2653748680661918
1991-11,-4.2,-4.2,-4.419166714582876,-4.516261719401302
1991-12,10.85,10.86,11.05560809505324,10.335374794678833
1992-01,-0.59,-0.59,-2.201850298119505,-0.6698626067869793
1992-02,1.08,1.09,1.0138169067248761,0.7995050426888552
1992-03,-2.65,-2.66,-2.2842562480578072,-3.034502945578758
1992-04,1.09,1.09,2.6167751773126118,0.870440901367018
1992-05,0.3,0.3,0.20831295657467686,0.03930593514757352
1992-06,-2.33,-2.33,-1.806766408325313,-2.587305848281076
1992-07,3.78,3.78,3.7747151204826515,3.5960337549178036
1992-08,-2.38,-2.38,-2.3069062448688067,-2.680512391308893
1992-09,1.19,1.19,0.9155726428246405,0.7277065852415212
1992-10,1.02,1.02,0.11593171608734429,0.848927350336345
1992-11,4.14,4.14,3.1747833996456722,3.595922882561228
1992-12,1.53,1.53,0.9476394499534548,1.290533660502793
1993-01,0.93,0.93,0.6049795845924879,0.8698262114319868
1993-02,0.12,0.12,1.1441062756839295,-0.08280135626928178
1993-03,2.32,2.32,1.8595819255706472,2.085545037337816
1993-04,-3.05,-3.05,-2.656832344102704,-3.124136829941264
1993-05,2.89,2.89,2.4545286726485016,2.616568125443617
1993-06,0.3,0.3,0.04272585246353788,-0.0017202686424298008
1993-07,-0.34,-0.34,-0.6427143020627899,-0.381362857781524
1993-08,3.72,3.72,3.54479616287679,3.312008857960852
1993-09,-0.12,-0.12,-1.026587696074983,-0.25369692658319765
1993-10,1.42,1.41,1.849038208052798,1.3213438578829375
1993-11,-1.87,-1.86,-1.2044536378005786,-2.1535859873416827
1993-12,1.65,1.65,0.9794617814621511,1.384597797130135
1994-01,2.87,2.87,3.1502124092139763,2.7608386038462553
1994-02,-2.55,-2.55,-2.9248031857292087,-2.704329842719345
1994-03,-4.79,-4.79,-4.6299178737208635,-4.987438880958546
1994-04,0.68,0.68,1.0123467332654825,0.5607054533680302
1994-05,0.58,0.58,1.3218067580073802,0.3652440911846669
1994-06,-3.04,-3.04,-2.760462554836741,-3.1892228103102336
1994-07,2.82,2.82,3.002562987253623,2.554433401607805
1994-08,4.02,4.02,3.7306738863651026,3.748769952087975
1994-09,-2.28,-2.28,-2.814808490466921,-2.4979428118806344
1994-10,1.35,1.35,1.8655701545499586,1.104216798995064
1994-11,-4.03,-4.03,-4.011737834437375,-4.297963637507037
1994-12,0.86,0.86,1.044257482318263,0.6743335202117966
1995-01,1.8,1.8,2.173318182063942,1.5792816578648265
1995-02,3.63,3.63,3.4957756323572347,3.324575800779051
1995-03,2.19,2.19,2.491191172664691,1.965529713356478
1995-04,2.11,2.11,2.5041520986486447,1.906755290750635
1995-05,2.9,2.9,3.457785931732145,2.5758278617846813
1995-06,2.72,2.72,1.8527308405139313,2.533586132917291
1995-07,3.71,3.71,2.8661402696475715,3.5339036446116303
1995-08,0.55,0.55,-0.21826050406968567,0.25673391398887513
1995-09,3.36,3.36,3.7900272998683007,3.2176239226340244
1995-10,-1.51,-1.51,-0.8273939368439305,-1.602494526982808
1995-11,3.96,3.96,3.968767039048891,3.571034677853822
1995-12,1.04,1.04,1.4364635826922394,0.9708057553486154
1996-01,2.26,2.26,2.973871360105204,2.1226583887041763
1996-02,1.33,1.33,0.5367432057959324,1.1462676072667946
1996-03,0.74,0.74,0.5729877785704011,0.539725898271827
1996-04,2.06,2.05,1.0138467405046585,1.8790272082279396
1996-05,2.36,2.36,2.1589723664286113,2.075246318285682
1996-06,-1.13,-1.13,-0.017814489071121486,-1.3671512977530993
1996-07,-5.96,-5.96,-4.868530620678418,-5.98081739263217
1996-08,2.77,2.77,1.6992308755822354,2.5832662530169683
1996-09,5.01,5.01,5.18944719314371,4.714318479050368
1996-10,0.87,0.87,2.337604799981306,0.8463997844696074
1996-11,6.25,6.25,7.148240948526595,6.024226246557384
1996-12,-1.7,-1.7,-2.440715426767854,-1.747274486244594
1997-01,4.96,4.97,5.797044285363512,4.794301048602451
1997-02,-0.48,-0.48,0.39377036048693503,-0.6060846209186329
1997-03,-5.02,-5.02,-4.538930008063883,-5.005617445431678
1997-04,4.04,4.04,5.539995117187499,3.8087050863147867
1997-05,6.73,6.73,5.598517741262533,6.415039681143021
1997-06,4.1,4.1,4.110439454005114,4.088171514430553
1997-07,7.31,7.31,7.5268262736300136,7.1270964115977415
1997-08,-4.1,-4.09,-6.0123056131066726,-4.301401814669782
1997-09,5.34,5.34,5.036148761776822,5.323025550442724
1997-10,-3.8,-3.81,-3.75924979589848,-3.85085792457557
1997-11,2.99,2.99,4.238809333357476,2.736586249682739
1997-12,1.33,1.36,1.2374487535375427,1.2237127712391742
1998-01,0.15,0.14,0.6763885458677314,0.02825448857184093
1998-02,7.03,7.04,6.8222150818784595,6.736163057963853
1998-03,4.76,4.76,4.731100528138989,4.489650264307323
1998-04,0.74,0.74,0.576082070840364,0.6647469584081216
1998-05,-3.07,-3.05,-2.1191949233958502,-3.184557154061662
1998-06,3.19,3.21,3.652106064639548,2.9778667489764867
1998-07,-2.42,-2.42,-1.4648406567510093,-2.6820656223794144
1998-08,-16.05,-16.05,-14.88797911846185,-16.116267343158324
1998-09,6.19,6.19,5.946214783555164,5.926502762664925
1998-10,6.98,6.98,7.814137163763366,7.012778679389373
1998-11,6.07,6.07,5.7513380391053355,5.850267490499094
1998-12,6.15,6.15,5.382434238255354,5.886451674131335
1999-01,3.48,3.47,3.8314094314613025,3.2482946899236977
1999-02,-4.08,-4.08,-3.4577540090630796,-4.092058495317346
1999-03,3.48,3.48,3.570542222538894,3.30548513595201
1999-04,4.34,4.34,3.50289748101558,4.342213731416392
1999-05,-2.46,-2.46,-2.7017469626537656,-2.6452618036998983
1999-06,4.77,4.77,5.1497472057733695,4.666897191433406
1999-07,-3.49,-3.49,-3.5023678146176547,-3.509150464479513
1999-08,-1.37,-1.37,-0.8844566566077224,-1.6009213647764406
1999-09,-2.77,-2.77,-3.1315571162961673,-3.117324185621505
1999-10,6.09,6.09,5.938177458890361,5.8897776827561605
1999-11,3.41,3.41,1.6726697001449735,2.8733227645094055
1999-12,7.66,7.66,5.449566385872813,7.035455108577455
2000-01,-4.74,-4.74,-5.434243463299105,-4.623883398210461
2000-02,2.46,2.45,-2.322864325531696,1.6891741606144899
2000-03,5.21,5.21,9.312851593608965,5.341410609873447
2000-04,-6.39,-6.35,-3.468567756591407,-5.737490271384789
2000-05,-4.39,-4.39,-2.5518074050611235,-4.109149717730265
2000-06,4.68,4.68,2.0653803216618587,3.932657426016362
2000-07,-2.48,-2.48,-2.043468916411037,-2.5961686653265788
2000-08,7.03,7.03,5.711387491366227,6.624594246971672
2000-09,-5.44,-5.44,-5.789338309892001,-5.178824170756814
2000-10,-2.78,-2.78,-0.9824048231164513,-2.7538084870570807
2000-11,-10.7,-10.7,-8.393984036538372,-10.56235938481903
2000-12,1.18,1.18,-0.01050902108014018,1.166964293722839
2001-01,3.25,3.25,3.0074647939257586,3.200842330359695
2001-02,-10.03,-10.03,-9.497767644550867,-9.92822187739113
2001-03,-7.25,-7.25,-6.755156255129415,-7.242062521149419
2001-04,7.93,7.94,7.380723325789964,7.750358762905509
2001-05,0.68,0.68,0.35033448534032924,0.5291648696864473
2001-06,-1.94,-1.94,-2.7141394216136456,-2.029056785487935
2001-07,-2.13,-2.13,-1.2840633980667036,-2.0413693884780644
2001-08,-6.4,-6.4,-6.570561460888524,-6.496548759600729
2001-09,-9.24,-9.24,-8.355145990236865,-9.334983481700219
2001-10,2.48,2.48,1.6867619089267574,2.226004125010037
2001-11,7.53,7.53,7.50084566152787,7.328216953075598
2001-12,1.61,1.61,0.7260521482973349,1.5233639614602947
2002-01,-1.44,-1.44,-1.599561277340238,-1.4753897574973518
2002-02,-2.3,-2.28,-2.058104192581792,-2.3241085997051467
2002-03,4.24,4.24,3.6307353476650563,4.155834853607162
2002-04,-5.21,-5.21,-6.213091753533822,-5.110777962795837
2002-05,-1.36,-1.36,-0.8763921618852465,-1.4551751774202026
2002-06,-7.23,-7.23,-7.253280071195381,-7.278475328064052
2002-07,-8.19,-8.19,-7.945494840008122,-8.324417828993264
2002-08,0.5,0.5,0.5172365086236154,0.29054271614995086
2002-09,-10.34,-10.34,-11.0085949359427,-10.313400542128475
2002-10,7.84,7.84,8.661932150135227,7.3685955787275175
2002-11,5.96,5.96,5.765837669766247,5.735820168882642
2002-12,-5.76,-5.76,-5.9843598412554835,-5.801602115060645
2003-01,-2.57,-2.57,-2.719771773687818,-2.714354871879865
2003-02,-1.88,-1.88,-1.590647604598504,-1.9665343543021285
2003-03,1.09,1.09,0.8713072041577675,0.8941520288757611
2003-04,8.18,8.18,8.136863144850194,7.974033506791811
2003-05,6.05,6.05,5.178255632734431,5.850263389989942
2003-06,1.42,1.42,1.1761194880786419,1.2399691085187903
2003-07,2.33,2.33,1.6930598469141167,2.2074667547784235
2003-08,2.33,2.33,1.8800459190277874,2.183949224872165
2003-09,-1.24,-1.24,-1.1420275441637684,-1.3171848504950434
2003-10,6.08,6.08,5.587428235377493,5.887087306168684
2003-11,1.35,1.35,0.8098753918460855,1.1789603538063498
2003-12,4.29,4.29,5.164249478553042,4.241876545008041
2004-01,2.15,2.15,1.7655601647641606,2.055723890458131
2004-02,1.4,1.4,1.3298199327521343,1.2428093658692396
2004-03,-1.32,-1.32,-1.5986177694809467,-1.2845855616784407
2004-04,-1.81,-1.82,-1.6499054476913555,-2.3062018055678624
2004-05,1.18,1.18,1.3121084467627209,1.1694272136746942
2004-06,1.85,1.86,1.8649785205772451,1.8652937469438768
2004-07,-4.04,-4.04,-3.4100401913040645,-4.0255165854772175
2004-08,0.07,0.08,0.29473776533256346,0.053526179245487845
2004-09,1.6,1.6,0.9729365571846328,1.53500050562979
2004-10,1.42,1.42,1.4177905797769441,1.48212553370216
2004-11,4.53,4.53,3.896269730832286,4.363434742542865
2004-12,3.42,3.41,3.2428083334087354,3.320124613957991
2005-01,-2.75,-2.75,-2.597831342660124,-2.904678832481795
2005-02,1.88,1.88,1.9445948032373475,1.737434589790037
2005-03,-1.94,-1.93,-1.980582337008797,-2.108354686832715
2005-04,-2.61,-2.6,-2.1067694822626835,-2.5707461509828953
2005-05,3.65,3.65,2.94207173493763,3.4937907317859684
2005-06,0.58,0.58,-0.08805968423862034,0.5244290865240333
2005-07,3.92,3.92,3.478788634444747,3.8357760663692186
2005-08,-1.2,-1.2,-1.2122981734058234,-1.46238088357159
2005-09,0.48,0.48,0.5194923762614669,0.30039957424023017
2005-10,-2.04,-2.04,-1.9370879068254152,-2.109163103071617
2005-11,3.61,3.61,3.472239719377234,3.492292573043209
2005-12,-0.24,-0.24,-0.285033694039529,-0.35377670687791934
2006-01,3.03,3.03,2.2978656025176183,3.132586948236932
2006-02,-0.3,-0.3,-0.06858217017479545,-0.5820970171774784
2006-03,1.47,1.47,0.8748635597123614,1.4344113526158866
2006-04,0.73,0.73,0.9823961875255852,0.5938962871156409
2006-05,-3.56,-3.56,-3.307936179769114,-3.737292999419398
2006-06,-0.35,-0.34,-0.2646983298504987,-0.34082080224087064
2006-07,-0.77,-0.77,0.21731744853201762,-0.8639954192508067
2006-08,2.03,2.03,1.9592949228760963,1.7135196205555907
2006-09,1.84,1.84,2.166816468265175,1.7597899998960769
2006-10,3.22,3.22,2.8483502904404814,3.2098237807776755
2006-11,1.7,1.7,1.4820155551160212,1.6599637425916063
2006-12,0.85,0.85,1.0026685842574383,0.5976817837847429
2007-01,1.38,1.38,1.0722641547361982,1.4843847711988727
2007-02,-1.96,-1.96,-2.336115215710974,-2.1712951056154313
2007-03,0.71,0.71,0.6886833026724186,0.5345665506305524
2007-04,3.49,3.49,3.9897563653973083,3.32896328399714
2007-05,3.23,3.24,3.079320030160803,2.9995681293818457
2007-06,-1.96,-1.96,-2.061234360214492,-2.026614671452209
2007-07,-3.72,-3.72,-3.500609430129375,-3.871187758680083
2007-08,0.94,0.94,1.0788397191879167,0.7040472591899309
2007-09,3.22,3.22,3.4200372754206936,3.14396633264372
2007-10,1.79,1.79,1.2707127256301611,1.7066919963170204
2007-11,-4.8,-4.8,-4.520842988140243,-5.065792128001826
2007-12,-0.87,-0.87,-0.9637014740380998,-1.0273317051918105
2008-01,-6.33,-6.32,-6.208104234898715,-6.437772194856762
2008-02,-3.09,-3.09,-3.3783013537141557,-3.301198938593145
2008-03,-0.94,-0.94,-0.6019497052708621,-1.0911546086070887
2008-04,4.61,4.61,4.6901872584218545,4.763818397597766
2008-05,1.87,1.87,1.1153623166434226,1.7472198807460673
2008-06,-8.43,-8.43,-8.600472359561635,-8.495080473091251
2008-07,-0.75,-0.75,-0.9907683254493703,-1.1187536064951096
2008-08,1.53,1.53,1.3165924888692917,1.2417625681542335
2008-09,-9.35,-9.35,-9.060565799381843,-9.667170235332062
2008-10,-17.2,-17.2,-16.875056120710482,-17.820612577526102
2008-11,-7.74,-7.74,-7.205186154441271,-8.459217900434139
2008-12,1.77,1.77,1.0642094336859032,1.5868832700775881
2009-01,-8.09,-8.09,-8.428882183470598,-8.270234626386664
2009-02,-10.14,-10.14,-10.65779993427244,-10.347172309929066
2009-03,9.01,9.01,8.739800952399833,8.531946335102745
2009-04,10.17,10.17,9.560913847802686,10.460301270887529
2009-05,5.21,5.2,5.5931611052769,4.972654952274058
2009-06,0.42,0.42,0.18853143855079746,0.20077239373645805
2009-07,7.74,7.74,7.553352877310115,7.735653663435159
2009-08,3.33,3.33,3.6003453319810355,3.4740160116267784
2009-09,4.08,4.08,3.7217700531242395,4.107085578151736
2009-10,-2.53,-2.55,-1.8576192928662527,-2.6463015510725385
2009-11,5.63,5.58,5.998224648502437,5.178091760934467
2009-12,2.8,2.74,1.9215655164311218,3.034380658289736
2010-01,-3.35,-3.35,-3.597277582908165,-3.439951995556745
2010-02,3.39,3.39,3.0975496421446147,3.2383149930754307
2010-03,6.3,6.3,6.024702413052129,6.156735971180182
2010-04,1.99,2.0,1.5686410738919843,2.0765288649942972
2010-05,-7.9,-7.9,-7.995057037717469,-8.11292953645252
2010-06,-5.56,-5.57,-5.244864530129313,-5.617705875093549
2010-07,6.92,6.92,6.996060138505244,6.874931521434212
2010-08,-4.78,-4.77,-4.524001007076739,-4.913802638711041
2010-09,9.55,9.55,8.914133290705715,9.257271874760885
2010-10,3.87,3.87,3.79523410809408,3.8873118530281072
2010-11,0.59,0.59,0.0026161317079764854,0.406129836137058
2010-12,6.82,6.82,6.673187115331202,6.520961068025532
2011-01,1.98,1.98,2.3600562531841387,1.9155855063789795
2011-02,3.48,3.48,3.415898624560109,3.32956390046124
2011-03,0.45,0.46,0.029753079391324773,0.19672693570986666
2011-04,2.9,2.9,2.961457779382526,2.794727478612846
2011-05,-1.27,-1.27,-1.1319520481623324,-1.4347477192704239
2011-06,-1.74,-1.74,-1.6669153060132724,-1.8496118133683015
2011-07,-2.35,-2.35,-2.0333072710161826,-2.293224958935147
2011-08,-5.96,-5.96,-5.4424088641604875,-6.179188766744559
2011-09,-7.58,-7.57,-7.029631842319006,-7.888179258108153
2011-10,11.33,11.34,10.92920593446356,11.391324139534852
2011-11,-0.27,-0.27,-0.22084033314586637,-0.6816737348914192
2011-12,0.75,0.75,1.0228846127483093,0.675283180564179
2012-01,5.05,5.05,4.4813659770906344,4.924112348818865
2012-02,4.42,4.4,4.324177595157042,4.0556175592087795
2012-03,3.12,3.11,3.2907935921683507,2.812571163665556
2012-04,-0.85,-0.84,-0.6273990500625604,-0.7822143574317764
2012-05,-6.17,-6.17,-6.020131843340516,-6.472420213043551
2012-06,3.89,3.9,4.120252794295776,3.7701618606274856
2012-07,0.79,0.79,1.3888745439514905,0.7850912724167491
2012-08,2.54,2.54,2.2423377852680773,2.1498161615674185
2012-09,2.73,2.73,2.574258200468681,2.466465973263742
2012-10,-1.76,-1.76,-1.8565081819009077,-1.8118981773620713
2012-11,0.78,0.78,0.5699392317403118,0.49754867935873803
2012-12,1.18,1.18,0.9014227632879057,0.9802335463178202
2013-01,5.57,5.57,5.179599979957472,5.529414875409566
2013-02,1.28,1.29,1.3575489324408219,1.0695019517105386
2013-03,4.04,4.03,3.7503044991254564,3.7810461106118076
2013-04,1.56,1.56,1.926675406801892,1.6032452749461967
2013-05,2.8,2.81,2.3390087514379987,2.0634173724487725
2013-06,-1.2,-1.2,-1.342813167604373,-1.2791459394233984
2013-07,5.65,5.65,5.08864835042393,5.2865821067937135
2013-08,-2.71,-2.71,-2.896132169031196,-3.008936798298667
2013-09,3.77,3.77,3.1358276472711166,3.6327034369190825
2013-10,4.17,4.17,4.5967295093059635,4.056683368444292
2013-11,3.11,3.12,3.0473912518165225,2.6188708463428245
2013-12,2.81,2.8,2.5317627354634054,2.6250879325068865
2014-01,-3.32,-3.3,-3.4576088623694767,-3.048757583016859
2014-02,4.66,4.68,4.574577355919507,4.4050721113716
2014-03,0.43,0.41,0.8403625503505596,0.24650482111534533
2014-04,-0.18,-0.19,0.7391461171702307,-0.18088569819154632
2014-05,2.05,2.04,2.347625881264337,1.9464573296496424
2014-06,2.6,2.61,2.0656293518999336,2.5279230742281333
2014-07,-2.03,-2.03,-1.3791528350802995,-2.16620483418265
2014-08,4.24,4.24,4.000357932704479,4.032272649632773
2014-09,-1.96,-1.96,-1.4020162057698515,-2.2293158553277848
2014-10,2.51,2.51,2.4424800677674163,2.3905023032439576
2014-11,2.56,2.56,2.689408693115003,2.2319483038973686
2014-12,-0.05,-0.05,-0.2519216829407256,-0.28217663919677394
2015-01,-3.1,-3.09,-3.002035152924043,-2.8122929241436334
2015-02,6.13,6.14,5.7473686614352815,5.469498360605574
2015-03,-1.11,-1.09,-1.5815639164743267,-1.1904630010169948
2015-04,0.59,0.6,0.9594591074544079,0.3935632396663724
2015-05,1.37,1.38,1.2858597308287534,1.0229971823035866
2015-06,-1.52,-1.54,-1.9359123789635224,-1.8776049696033192
2015-07,1.57,1.57,2.095206811739847,1.5490062752526734
2015-08,-6.02,-6.02,-6.033421784540227,-6.208810499215367
2015-09,-3.06,-3.06,-2.474358481868466,-3.2864631274319045
2015-10,7.75,7.75,8.435457214648068,7.600821312657691
2015-11,0.57,0.57,0.29731408930131487,0.046382017670998366
2015-12,-2.15,-2.15,-1.5871957857693808,-2.275578206067209
2016-01,-5.74,-5.74,-4.9723228980723135,-5.876251015875335
2016-02,-0.06,-0.07,-0.15491069275127775,-0.3315515797973423
2016-03,6.95,6.95,6.763732412843513,6.828064054256398
2016-04,0.92,0.91,0.37779624059339656,0.7121410579623333
2016-05,1.78,1.78,1.7857236631424012,1.5050485239087352
2016-06,-0.03,-0.03,0.23922535383720026,0.025665827839824757
2016-07,3.94,3.94,3.666795964116185,3.8329979641473755
2016-08,0.49,0.49,0.12048510677484582,0.03898895018292549
2016-09,0.27,0.27,-0.001311521180549207,0.048476874338019296
2016-10,-2.01,-2.01,-1.844049272440731,-2.2531889036101393
2016-11,4.86,4.85,3.6935137353959027,4.151651306087944
2016-12,1.81,1.81,1.9465374837583005,1.8611214510253238
2017-01,1.94,1.94,1.856619487883644,1.7586600011338893
2017-02,3.55,3.55,3.9308178764865653,3.157766510300104
2017-03,0.17,0.17,0.08647620747521348,0.030673582317494202
2017-04,1.08,1.08,0.9770539195507355,0.98050819818149
2017-05,1.07,1.07,1.3472531092810036,0.5946194620068002
2017-06,0.79,0.78,0.5641750550943558,0.6950327325923422
2017-07,1.88,1.88,1.986280365850882,1.7325045730869493
2017-08,0.18,0.18,0.21620867698973875,-0.19600862288632218
2017-09,2.49,2.49,1.9727755782101963,2.152496617917378
2017-10,2.26,2.25,2.2434751501988384,1.9183207571472083
2017-11,3.12,3.12,2.9869580718061917,2.6598588023239023
2017-12,1.06,1.06,1.0218318682830974,1.0040417405865598
2018-01,5.58,5.58,5.615377894461947,5.082853576602285
2018-02,-3.64,-3.64,-3.795581181395381,-3.9422759674780714
2018-03,-2.35,-2.35,-2.661402016821315,-2.6319975015132746
2018-04,0.27,0.29,0.2437109768069835,0.26213651008611516
2018-05,2.66,2.63,2.2682244244804095,2.3944755124753647
2018-06,0.49,0.49,0.47544498726480156,0.48253544679167215
2018-07,3.2,3.2,3.5614764794451848,3.015371505788882
2018-08,3.45,3.46,3.0983990699538655,3.1810282954865476
2018-09,0.06,0.06,0.41920706182788103,-0.1985853445672535
2018-10,-7.65,-7.64,-7.024998886769361,-7.721174667727959
2018-11,1.71,1.71,1.8578083784286183,1.4924577960929077
2018-12,-9.55,-9.55,-9.21898436547529,-9.677717856755207
2019-01,8.37,8.36,7.803483569189983,8.499568072529915
2019-02,3.42,3.42,3.0308513275469706,3.074062868883123
2019-03,1.1,1.1,1.7531281619924246,1.068020243957314
2019-04,3.97,3.97,3.838931393952193,3.695808193954119
2019-05,-6.92,-6.92,-6.56480335027736,-6.920383412128373
2019-06,6.99,6.99,6.8676707805969155,6.512636374701833
2019-07,1.23,1.22,1.2473109105911164,1.1869288754734488
2019-08,-2.55,-2.55,-1.7441356518145776,-2.6350697425971803
2019-09,1.41,1.42,1.6910674837483899,1.2454480501252554
2019-10,2.07,2.07,2.015901486088595,1.8060902210739695
2019-11,3.87,3.87,3.509905189411575,3.370730308694756
2019-12,2.77,2.76,2.8782811111814754,2.5480743344611656
2020-01,-0.11,-0.09,-0.16921258623434954,-0.27761839433520275
2020-02,-8.15,-8.15,-8.351873294630586,-8.3820905036616
2020-03,-13.37,-13.35,-12.471349571065616,-14.145330335069241
2020-04,13.6,13.58,12.819402479140173,13.380578977199198
2020-05,5.57,5.59,4.752743737938613,5.307632417037133
2020-06,2.45,2.44,1.978818896464828,2.2646138151258812
2020-07,5.83,5.83,5.628519336235093,5.563355827767412
2020-08,7.62,7.62,7.177979994601834,7.2197825589551
2020-09,-3.64,-3.64,-3.809716499763972,-3.7170018515809486
2020-10,-2.08,-2.08,-2.669268001922965,-2.200994872633789
2020-11,12.45,12.44,10.936365941098035,12.191225196909139
2020-12,4.63,4.63,3.8348571988133564,4.263326485632723
2021-01,-0.07,-0.07,-1.009624917619234,-0.15330309511870643
2021-02,2.81,2.81,2.7574537649545094,2.8238982610540697
2021-03,3.16,3.16,4.379560734264487,3.044264626157478
2021-04,4.95,4.97,5.3369027112194045,5.098522644612968
2021-05,0.3,0.29,0.6984127269920037,0.21944229335495447
2021-06,2.74,2.73,2.3345476895568984,2.609950007942863
2021-07,1.34,1.34,2.375432259372112,1.3169802655572438
2021-08,2.94,2.95,3.040565081251234,2.782070767152356
2021-09,-4.4,-4.4,-4.650938417509098,-4.533023580283513
2021-10,6.63,6.63,7.006129606134426,6.566458287027399
2021-11,-1.58,-1.58,-0.6928760290665026,-1.7972802678230093
2021-12,3.23,3.24,4.471641810716064,3.239274528622537
2022-01,-6.16,-6.15,-5.174684964309462,-6.282745597573836
2022-02,-2.28,-2.28,-2.9942154424401735,-2.548101700443195
2022-03,3.08,3.08,3.7129991432832465,3.0444757350120755
2022-04,-9.41,-9.41,-8.720158087452601,-9.34666562972043
2022-05,-0.34,-0.33,0.1533949628145648,-0.6566217790230844
2022-06,-8.4,-8.4,-8.31436110733131,-8.629250753061454
2022-07,9.57,9.57,9.14044440182046,9.38471579980248
2022-08,-3.77,-3.77,-4.268136096557595,-3.9806973297771373
2022-09,-9.34,-9.34,-9.399948776769284,-9.603186565793607
2022-10,7.85,7.86,7.8661293297877375,7.7661614309264735
2022-11,4.65,4.69,5.298472553719126,4.489851107809563
2022-12,-6.38,-6.38,-6.0914655504580555,-6.441793954969547
2023-01,6.61,6.59,5.933426331239328,6.612818750398192
2023-02,-2.57,-2.57,-2.7799793943813196,-2.8460356296382257
2023-03,2.48,2.49,3.3114319358447823,2.168767047006886
2023-04,0.62,0.63,1.2108883999174815,0.5236293646324001
2023-05,0.34,0.33,0.0746889243029617,2.048746549431107
2023-06,6.46,6.46,6.207551948450796,6.330596136922617
2023-07,3.21,3.21,2.7624499264590376,3.040381894002925
2023-08,-2.36,-2.36,-2.042110196275143,-2.5636371128499755
2023-09,-5.23,-5.23,-5.197813851995306,-5.310592801426953
2023-10,-3.15,-3.15,-2.5726941293289416,-3.219990268086888
2023-11,8.88,8.88,8.692586049075652,8.692082396898689
2023-12,4.85,4.86,4.113067714921412,4.786630938085865
2024-01,0.73,0.73,1.2104091796115861,0.5124794799127235
2024-02,5.07,5.07,4.919588463681255,4.811425299639492
2024-03,2.84,2.84,2.7874685531384693,2.677076407142961
2024-04,-4.65,-4.65,-4.554505873770949,-4.898621520767429
2024-05,4.33,4.32,4.5185179901020955,4.114147293069821
2024-06,2.8,2.8,3.1781770581602133,2.6067847789320577
2024-07,1.22,1.22,0.7672471865234514,1.310910708165775
2024-08,1.6,1.61,1.9456361140686522,1.5488739164141756
2024-09,1.72,1.73,1.735705185853687,1.5140848589132454
2024-10,-1.0,-1.0,-1.2968007656306444,-1.1850833399017033
2024-11,6.49,6.49,5.470056801882817,6.074543683035261
2024-12,-3.17,-3.15,-2.7538094364085572,-3.508461858286079
2025-01,2.8,2.8,2.4147318318425572,2.6911821088907475
2025-02,-2.44,-2.43,-1.6347637681915526,-2.3879619397843697
2025-03,-6.39,-6.39,-5.9744280446628535,-6.372944435140386
2025-04,-0.84,-0.84,-1.0281463483622075,-1.0858082451308535
2025-05,6.06,6.06,5.914523524457785,5.878729322954904
2025-06,4.86,4.86,4.745243875141643,4.649764405875374
2025-07,1.98,1.98,1.9042682801333102,1.840006030223902
2025-08,1.84,1.85,1.6471783333383199,1.8201460271180885
2025-09,3.39,3.39,3.3199951665730056,3.0162270670818083
2025-10,1.96,1.96,1.9713709984486885,1.7082504671289502
2025-11,-0.13,-0.13,-0.05491251357548882,-0.15459707934762895
2025-12,-0.36,-0.36,-0.2787912602856421,-0.5267944049708138
2026-01,1.02,1.03,1.1500240957423749,1.2457160361853628
2026-02,-1.17,-1.17,-1.0399860306311657,-0.8762329044088444
