month,tavg_f
1980-01,31.12
1980-02,32.85
1980-03,39.36
1980-04,51.42
1980-05,60.26
1980-06,68.72
1980-07,75.72
1980-08,72.77
1980-09,66.22
1980-10,52.59
1980-11,42.31
1980-12,35.19
1981-01,32.41
1981-02,36.57
1981-03,42.85
1981-04,55.11
1981-05,58.95
1981-06,69.8
1981-07,73.92
1981-08,72.09
1981-09,64.9
1981-10,52.3
1981-11,44.73
1981-12,33.66
1982-01,26.22
1982-02,32.59
1982-03,42.01
1982-04,48.61
1982-05,60.78
1982-06,66.31
1982-07,73.18
1982-08,72.05
1982-09,64.02
1982-10,53.24
1982-11,41.13
1982-12,35.82
1983-01,33.12
1983-02,36.86
1983-03,42.39
1983-04,46.99
1983-05,57.94
1983-06,67.06
1983-07,73.96
1983-08,75.04
1983-09,65.57
1983-10,54.99
1983-11,43.02
1983-12,25.48
1984-01,28.83
1984-02,37.38
1984-03,40.08
1984-04,49.59
1984-05,60.06
1984-06,68.59
1984-07,73.15
1984-08,73.11
1984-09,63.12
1984-10,53.6
1984-11,41.54
1984-12,34.54
1985-01,26.31
1985-02,30.87
1985-03,43.48
1985-04,54.34
1985-05,62.06
1985-06,68.09
1985-07,74.03
1985-08,71.01
1985-09,62.71
1985-10,54.28
1985-11,39.51
1985-12,28.81
1986-01,34.68
1986-02,35.85
1986-03,46.18
1986-04,52.86
1986-05,61.07
1986-06,70.39
1986-07,73.49
1986-08,71.69
1986-09,63.68
1986-10,54.0
1986-11,41.4
1986-12,34.43
1987-01,31.44
1987-02,37.38
1987-03,42.55
1987-04,53.51
1987-05,62.94
1987-06,70.23
1987-07,73.24
1987-08,71.85
1987-09,65.23
1987-10,52.95
1987-11,43.97
1987-12,34.54
1988-01,27.79
1988-02,33.69
1988-03,42.4
1988-04,51.8
1988-05,61.2
1988-06,70.84
1988-07,74.77
1988-08,73.65
1988-09,64.58
1988-10,53.94
1988-11,43.29
1988-12,33.46
1989-01,34.09
1989-02,29.17
1989-03,42.67
1989-04,52.86
1989-05,60.44
1989-06,68.11
1989-07,74.19
1989-08,71.29
1989-09,64.06
1989-10,54.34
1989-11,42.91
1989-12,27.73
1990-01,36.48
1990-02,36.7
1990-03,44.74
1990-04,52.5
1990-05,58.86
1990-06,70.21
1990-07,73.24
1990-08,72.25
1990-09,67.33
1990-10,53.96
1990-11,44.92
1990-12,30.83
1991-01,29.5
1991-02,39.81
1991-03,43.32
1991-04,52.52
1991-05,61.95
1991-06,69.04
1991-07,73.87
1991-08,72.97
1991-09,64.89
1991-10,54.73
1991-11,39.43
1991-12,35.73
1992-01,33.62
1992-02,39.69
1992-03,44.69
1992-04,52.52
1992-05,61.14
1992-06,67.41
1992-07,71.2
1992-08,69.82
1992-09,64.65
1992-10,54.52
1992-11,40.06
1992-12,31.75
1993-01,30.47
1993-02,31.14
1993-03,41.79
1993-04,49.89
1993-05,60.87
1993-06,67.19
1993-07,72.12
1993-08,71.87
1993-09,63.28
1993-10,52.95
1993-11,39.2
1993-12,34.2
1994-01,29.34
1994-02,31.87
1994-03,44.51
1994-04,52.66
1994-05,60.66
1994-06,70.93
1994-07,73.6
1994-08,72.18
1994-09,65.53
1994-10,54.19
1994-11,42.55
1994-12,36.23
1995-01,33.08
1995-02,37.36
1995-03,43.34
1995-04,49.41
1995-05,58.62
1995-06,67.53
1995-07,73.53
1995-08,74.3
1995-09,64.67
1995-10,54.45
1995-11,42.03
1995-12,33.42
1996-01,29.7
1996-02,35.69
1996-03,39.02
1996-04,50.65
1996-05,60.96
1996-06,69.84
1996-07,73.62
1996-08,72.41
1996-09,63.45
1996-10,53.64
1996-11,39.63
1996-12,33.91
1997-01,29.97
1997-02,36.05
1997-03,44.65
1997-04,47.91
1997-05,59.38
1997-06,68.29
1997-07,73.17
1997-08,71.73
1997-09,66.4
1997-10,53.91
1997-11,40.86
1997-12,34.0
1998-01,34.99
1998-02,38.71
1998-03,41.32
1998-04,51.06
1998-05,62.46
1998-06,68.11
1998-07,75.45
1998-08,73.99
1998-09,68.95
1998-10,55.11
1998-11,44.89
1998-12,35.55
1999-01,33.78
1999-02,39.49
1999-03,42.78
1999-04,51.55
1999-05,60.04
1999-06,68.29
1999-07,74.28
1999-08,72.88
1999-09,64.33
1999-10,54.75
1999-11,48.11
1999-12,36.1
2000-01,33.57
2000-02,39.78
2000-03,46.02
2000-04,52.57
2000-05,63.12
2000-06,69.01
2000-07,73.85
2000-08,74.01
2000-09,65.55
2000-10,55.08
2000-11,38.01
2000-12,28.44
2001-01,31.37
2001-02,33.96
2001-03,41.47
2001-04,53.08
2001-05,62.8
2001-06,69.21
2001-07,74.44
2001-08,74.28
2001-09,65.68
2001-10,54.36
2001-11,47.39
2001-12,36.12
2002-01,34.48
2002-02,36.39
2002-03,39.54
2002-04,53.49
2002-05,59.27
2002-06,70.84
2002-07,75.83
2002-08,72.82
2002-09,66.83
2002-10,51.82
2002-11,41.95
2002-12,35.08
2003-01,32.81
2003-02,32.79
2003-03,43.29
2003-04,51.89
2003-05,60.96
2003-06,68.02
2003-07,75.43
2003-08,74.62
2003-09,64.94
2003-10,56.53
2003-11,42.35
2003-12,35.29
2004-01,30.36
2004-02,33.57
2004-03,47.39
2004-04,52.66
2004-05,61.9
2004-06,68.05
2004-07,72.88
2004-08,70.14
2004-09,65.64
2004-10,55.35
2004-11,43.99
2004-12,35.06
2005-01,33.39
2005-02,37.94
2005-03,42.31
2005-04,52.25
2005-05,59.54
2005-06,69.19
2005-07,75.29
2005-08,73.18
2005-09,67.35
2005-10,55.36
2005-11,45.0
2005-12,32.7
2006-01,38.93
2006-02,34.83
2006-03,42.6
2006-04,55.24
2006-05,62.26
2006-06,70.74
2006-07,76.39
2006-08,73.38
2006-09,63.28
2006-10,52.57
2006-11,44.08
2006-12,36.57
2007-01,31.35
2007-02,32.41
2007-03,47.64
2007-04,50.54
2007-05,62.31
2007-06,69.85
2007-07,74.68
2007-08,74.62
2007-09,66.42
2007-10,56.66
2007-11,43.99
2007-12,33.22
2008-01,30.27
2008-02,34.7
2008-03,41.86
2008-04,50.38
2008-05,59.34
2008-06,69.58
2008-07,74.05
2008-08,72.25
2008-09,65.19
2008-10,53.98
2008-11,43.92
2008-12,31.87
2009-01,31.05
2009-02,36.77
2009-03,42.87
2009-04,50.9
2009-05,61.63
2009-06,68.5
2009-07,72.61
2009-08,71.87
2009-09,66.36
2009-10,50.49
2009-11,45.82
2009-12,29.64
2010-01,30.67
2010-02,31.8
2010-03,43.56
2010-04,53.24
2010-05,59.86
2010-06,70.47
2010-07,74.7
2010-08,74.03
2010-09,66.47
2010-10,56.14
2010-11,42.31
2010-12,32.47
2011-01,29.71
2011-02,33.04
2011-03,43.07
2011-04,51.96
2011-05,59.11
2011-06,69.8
2011-07,76.12
2011-08,74.98
2011-09,66.07
2011-10,55.08
2011-11,43.74
2011-12,35.4
2012-01,36.12
2012-02,37.51
2012-03,50.4
2012-04,54.68
2012-05,63.43
2012-06,70.52
2012-07,76.73
2012-08,73.78
2012-09,66.29
2012-10,53.89
2012-11,44.01
2012-12,35.92
2013-01,32.25
2013-02,34.77
2013-03,40.89
2013-04,49.66
2013-05,60.84
2013-06,70.38
2013-07,74.19
2013-08,72.97
2013-09,66.94
2013-10,53.42
2013-11,41.61
2013-12,31.06
2014-01,30.56
2014-02,32.13
2014-03,40.51
2014-04,51.69
2014-05,61.27
2014-06,69.57
2014-07,73.27
2014-08,72.21
2014-09,66.16
2014-10,56.91
2014-11,39.25
2014-12,36.81
2015-01,33.08
2015-02,32.99
2015-03,45.39
2015-04,53.22
2015-05,60.82
2015-06,71.33
2015-07,73.89
2015-08,72.91
2015-09,68.5
2015-10,57.24
2015-11,44.58
2015-12,38.64
2016-01,32.22
2016-02,39.47
2016-03,47.48
2016-04,53.19
2016-05,60.31
2016-06,71.74
2016-07,75.2
2016-08,73.51
2016-09,67.1
2016-10,57.7
2016-11,47.95
2016-12,32.95
2017-01,33.57
2017-02,41.16
2017-03,46.13
2017-04,53.78
2017-05,60.55
2017-06,70.32
2017-07,75.69
2017-08,72.0
2017-09,66.25
2017-10,55.69
2017-11,45.03
2017-12,34.29
2018-01,32.16
2018-02,35.51
2018-03,42.73
2018-04,49.01
2018-05,65.5
2018-06,71.53
2018-07,75.43
2018-08,73.49
2018-09,67.51
2018-10,53.71
2018-11,40.01
2018-12,35.51
2019-01,32.56
2019-02,31.84
2019-03,40.28
2019-04,52.83
2019-05,59.49
2019-06,68.7
2019-07,74.59
2019-08,73.72
2019-09,68.41
2019-10,52.03
2019-11,41.09
2019-12,36.43
2020-01,35.53
2020-02,36.16
2020-03,46.08
2020-04,50.86
2020-05,60.89
2020-06,70.27
2020-07,75.63
2020-08,74.68
2020-09,65.89
2020-10,54.28
2020-11,46.31
2020-12,35.71
2021-01,34.59
2021-02,30.61
2021-03,45.52
2021-04,51.85
2021-05,60.33
2021-06,72.57
2021-07,75.4
2021-08,73.96
2021-09,67.78
2021-10,56.95
2021-11,45.07
2021-12,39.34
2022-01,31.17
2022-02,33.66
2022-03,44.08
2022-04,50.67
2022-05,61.92
2022-06,70.79
2022-07,76.39
2022-08,74.59
2022-09,68.02
2022-10,55.18
2022-11,40.96
2022-12,33.12
2023-01,35.08
2023-02,36.34
2023-03,40.53
2023-04,51.28
2023-05,62.37
2023-06,68.99
2023-07,75.65
2023-08,74.35
2023-09,67.75
2023-10,56.03
2023-11,44.22
2023-12,39.76
2024-01,31.86
2024-02,40.78
2024-03,44.94
2024-04,53.6
2024-05,62.26
2024-06,71.8
2024-07,75.7
2024-08,74.01
2024-09,68.61
2024-10,58.93
2024-11,45.14
2024-12,38.16
